profession,layer,act_mean_signed,act_mean_abs,act_std,act_max_abs,act_median,act_rms,activation_metric,SD,SD_z
CEO,mid_block,0.9275433333333333,0.9275433333333333,0.18225122994397583,0.9851,0.9701,0.9446930519133362,continuous_bias,10,-0.7490874782664482
CEO,up_0,0.9129333333333333,0.9129333333333334,0.17675514982173993,0.9832,0.9495,0.9293267677912507,continuous_bias,10,-0.7490874782664482
CEO,up_1,0.9092533333333334,0.9092533333333334,0.17639777489669692,0.9673,0.953,0.9256460410617728,continuous_bias,10,-0.7490874782664482
CEO,up_2,0.8788133333333333,0.8788133333333332,0.17152763672632915,0.9682,0.92655,0.8948485238668423,continuous_bias,10,-0.7490874782664482
CP,mid_block,0.6538,0.6537999999999999,0.14065045202619297,0.8046,0.6648000000000001,0.6682645967978054,continuous_bias,2,-0.9616663572339538
CP,up_0,0.4736,0.5020933333333333,0.29205512469749434,0.8909,0.5365,0.5538501145015078,continuous_bias,2,-0.9616663572339538
CP,up_1,0.42347666666666667,0.42369,0.204199967380411,0.7186,0.5031,0.4686578634782521,continuous_bias,2,-0.9616663572339538
CP,up_2,0.51231,0.5123099999999999,0.1880478008746529,0.7336,0.58245,0.5446510616899595,continuous_bias,2,-0.9616663572339538
CSR,mid_block,0.73303,0.7330300000000001,0.15563068164396604,0.9048,0.7388,0.7488301051195347,continuous_bias,71,0.8718264738607818
CSR,up_0,0.7298066666666666,0.7298066666666666,0.19867286737218307,0.9007,0.79915,0.7554951899251245,continuous_bias,71,0.8718264738607818
CSR,up_1,0.7507733333333333,0.7507733333333334,0.22785156228734005,0.9411,0.8422000000000001,0.7834834956781157,continuous_bias,71,0.8718264738607818
CSR,up_2,0.7630866666666667,0.7630866666666666,0.21035893583363047,0.892,0.8573500000000001,0.7906181842920976,continuous_bias,71,0.8718264738607818
PR person,mid_block,0.8737733333333334,0.8737733333333334,0.16776020434214886,0.9707,0.9028,0.8892048178007133,continuous_bias,90,1.3767013114086075
PR person,up_0,0.6758799999999999,0.6758799999999999,0.16811169603816262,0.9271,0.6824,0.6957968563692519,continuous_bias,90,1.3767013114086075
PR person,up_1,0.7715966666666667,0.7715966666666668,0.17966507246643074,0.9515,0.8265,0.7915585699533969,continuous_bias,90,1.3767013114086075
PR person,up_2,0.8998766666666668,0.8998766666666665,0.17654549219986315,0.9624,0.9480999999999999,0.9164646105187769,continuous_bias,90,1.3767013114086075
PST,mid_block,0.9233600000000001,0.9233600000000001,0.1815816632091278,0.9818,0.97065,0.9404608054920028,continuous_bias,83,1.1906947923120401
PST,up_0,0.9268233333333333,0.9268233333333333,0.17935099412033942,0.9838,0.9687,0.9434490152272846,continuous_bias,83,1.1906947923120401
PST,up_1,0.86004,0.8600399999999999,0.17711278230317656,0.9413,0.90335,0.8774919418433424,continuous_bias,83,1.1906947923120401
PST,up_2,0.7948633333333334,0.7948633333333333,0.16809814555856917,0.9259,0.8155,0.8118637851676023,continuous_bias,83,1.1906947923120401
admin asst,mid_block,-0.44698333333333334,0.5043766666666667,0.2617693023325656,0.6468,-0.5189,0.5157840268303521,continuous_bias,98,1.5892801903761131
admin asst,up_0,-0.51348,0.5737533333333332,0.3894554867220785,0.9239,-0.65855,0.6405321490760632,continuous_bias,98,1.5892801903761131
admin asst,up_1,-0.11291000000000001,0.30609,0.34867035449468353,0.6563,-0.15139999999999998,0.3609256391557685,continuous_bias,98,1.5892801903761131
admin asst,up_2,0.1381,0.24312000000000003,0.2865347376184412,0.6783,0.0257,0.31374675668974383,continuous_bias,98,1.5892801903761131
announcer,mid_block,0.8866366666666666,0.8866366666666666,0.16912626477511297,0.9426,0.9202,0.9020946822072874,continuous_bias,0,-1.01481107697583
announcer,up_0,0.8296766666666666,0.8296766666666667,0.1628390461591537,0.9686,0.85625,0.8449828643232951,continuous_bias,0,-1.01481107697583
announcer,up_1,0.5805066666666666,0.5805066666666667,0.16026176848138682,0.9199,0.5658,0.6015111775076726,continuous_bias,0,-1.01481107697583
announcer,up_2,0.06492333333333333,0.33011666666666667,0.4134958355153117,0.7654,-0.0072499999999999995,0.4116971601391813,continuous_bias,0,-1.01481107697583
author,mid_block,0.9401633333333332,0.9401633333333332,0.17933183936266142,0.9934,0.9776,0.9565537125535608,continuous_bias,70,0.8452541139898436
author,up_0,0.9224866666666667,0.9224866666666666,0.1764729650748206,0.9854,0.95885,0.9386619558357169,continuous_bias,70,0.8452541139898436
author,up_1,0.8385833333333333,0.8385833333333333,0.1635542704053186,0.974,0.86075,0.853862014418411,continuous_bias,70,0.8452541139898436
author,up_2,0.8392466666666666,0.8392466666666667,0.16713792102236455,0.9506,0.8705499999999999,0.8551835374156045,continuous_bias,70,0.8452541139898436
bartender,mid_block,0.9309433333333333,0.9309433333333333,0.17799890484617256,0.9929,0.96495,0.9472502201987956,continuous_bias,16,-0.589653319040819
bartender,up_0,0.9059466666666667,0.9059466666666666,0.1747028624863357,0.9736,0.95125,0.9220862667523756,continuous_bias,16,-0.589653319040819
bartender,up_1,0.8456933333333333,0.8456933333333334,0.18524236302064187,0.9505,0.8907,0.8650827259093008,continuous_bias,16,-0.589653319040819
bartender,up_2,0.74012,0.7401199999999999,0.18708720703052564,0.9429,0.76345,0.762635244836394,continuous_bias,16,-0.589653319040819
biologist,mid_block,0.9001833333333333,0.9001833333333333,0.17398007433142398,0.9657,0.9436,0.9162915098373442,continuous_bias,50,0.3138069165710797
biologist,up_0,0.8862033333333333,0.8862033333333332,0.16982052896358335,0.9742,0.9142,0.9017949099804603,continuous_bias,50,0.3138069165710797
biologist,up_1,0.8458533333333332,0.8458533333333332,0.18169719929015157,0.9628,0.8862000000000001,0.8645121580020337,continuous_bias,50,0.3138069165710797
biologist,up_2,0.7737166666666667,0.7737166666666666,0.17781135506065338,0.9549,0.7971,0.7932215720297408,continuous_bias,50,0.3138069165710797
building inspector,mid_block,0.8678566666666666,0.8678566666666665,0.17148719804100251,0.9661,0.9114500000000001,0.8840830226850871,continuous_bias,0,-1.01481107697583
building inspector,up_0,0.8647966666666667,0.8647966666666668,0.18191927251570586,0.9558,0.92545,0.8830995087380207,continuous_bias,0,-1.01481107697583
building inspector,up_1,0.8237366666666667,0.8237366666666668,0.175012833979315,0.9391,0.8610500000000001,0.8415168477220168,continuous_bias,0,-1.01481107697583
building inspector,up_2,0.8011866666666666,0.8011866666666665,0.16281522790200428,0.9077,0.8415999999999999,0.8170221824813979,continuous_bias,0,-1.01481107697583
bus driver,mid_block,0.9314166666666667,0.9314166666666668,0.1770811543611715,0.9804,0.97525,0.9475491988985761,continuous_bias,35,-0.08477848149299327
bus driver,up_0,0.9351966666666667,0.9351966666666667,0.17818188785878195,0.9834,0.9796,0.9514637658191019,continuous_bias,35,-0.08477848149299327
bus driver,up_1,0.9088433333333333,0.9088433333333333,0.17498585102079323,0.9689,0.9597,0.9249840995029771,continuous_bias,35,-0.08477848149299327
bus driver,up_2,0.8569266666666666,0.8569266666666666,0.16539227337440532,0.9264,0.8970499999999999,0.8722190642264132,continuous_bias,35,-0.08477848149299327
butcher,mid_block,0.9440933333333333,0.9440933333333335,0.1809469362744958,0.9944,0.98705,0.9607094371695672,continuous_bias,2,-0.9616663572339538
butcher,up_0,0.9299700000000001,0.9299699999999999,0.1838132263261101,0.9895,0.97645,0.9473675420166489,continuous_bias,2,-0.9616663572339538
butcher,up_1,0.8714133333333333,0.8763533333333332,0.2620216439248053,0.9692,0.9558,0.9086957840773776,continuous_bias,2,-0.9616663572339538
butcher,up_2,0.83364,0.8495933333333333,0.2786404760557083,0.9612,0.9236,0.8775010811009485,continuous_bias,2,-0.9616663572339538
chef,mid_block,0.9246666666666667,0.9246666666666669,0.1931469501903048,0.9918,0.98735,0.9439653934334671,continuous_bias,2,-0.9616663572339538
chef,up_0,0.8990733333333334,0.8990733333333335,0.2383322961797223,0.9946,0.98465,0.929108030676017,continuous_bias,2,-0.9616663572339538
chef,up_1,0.8738433333333333,0.8807366666666666,0.2617408756547317,0.9801,0.9648,0.9109483232690352,continuous_bias,2,-0.9616663572339538
chef,up_2,0.8584033333333333,0.8584033333333333,0.22026932493142828,0.9528,0.9379,0.8853008371922696,continuous_bias,2,-0.9616663572339538
chemist,mid_block,0.9370533333333333,0.9370533333333333,0.1823181583128096,0.9912,0.97895,0.9540444766012397,continuous_bias,55,0.4466687159257706
chemist,up_0,0.9385366666666666,0.9385366666666665,0.18151132097937628,0.9882,0.98315,0.955352930771311,continuous_bias,55,0.4466687159257706
chemist,up_1,0.92823,0.9282299999999999,0.17665982340899286,0.9796,0.9672499999999999,0.9443406886994404,continuous_bias,55,0.4466687159257706
chemist,up_2,0.8572966666666667,0.8572966666666665,0.1749360897749436,0.9669,0.897,0.8743798501414207,continuous_bias,55,0.4466687159257706
childcare worker,mid_block,-0.62173,0.6217300000000001,0.17579648333150505,0.797,-0.6695,0.645308026965934,continuous_bias,99,1.6158525502470513
childcare worker,up_0,-0.6909566666666667,0.6909566666666667,0.18799608521847272,0.808,-0.7457,0.7152520947190577,continuous_bias,99,1.6158525502470513
childcare worker,up_1,-0.6117233333333334,0.6117233333333334,0.20655629721589272,0.8383,-0.59935,0.6445531452099198,continuous_bias,99,1.6158525502470513
childcare worker,up_2,-0.28228,0.2962733333333334,0.18928256090318768,0.7581,-0.29455,0.3381059350755815,continuous_bias,99,1.6158525502470513
construction worker,mid_block,0.9084333333333333,0.9084333333333333,0.17289778190741992,0.9783,0.9404999999999999,0.9242014441307335,continuous_bias,0,-1.01481107697583
construction worker,up_0,0.9148700000000001,0.9148700000000001,0.17691033214792645,0.9824,0.96425,0.9312578269917162,continuous_bias,0,-1.01481107697583
construction worker,up_1,0.8864233333333333,0.8864233333333332,0.17143159826898152,0.9691,0.91545,0.9023056534973796,continuous_bias,0,-1.01481107697583
construction worker,up_2,0.7408166666666667,0.7408166666666668,0.1630187911388372,0.9656,0.75705,0.7579568736632272,continuous_bias,0,-1.01481107697583
cook,mid_block,0.8466833333333333,0.8562433333333332,0.31597347562548755,0.9883,0.9807,0.9018780015427068,continuous_bias,24,-0.3770744400733134
cook,up_0,0.8576233333333333,0.90381,0.34787422785009364,0.981,0.97045,0.9233094701489132,continuous_bias,24,-0.3770744400733134
cook,up_1,0.8132033333333334,0.8587499999999998,0.3699708902652723,0.9734,0.9414,0.8908510008226217,continuous_bias,24,-0.3770744400733134
cook,up_2,0.7737999999999999,0.7958200000000001,0.3048982159163374,0.9365,0.8962,0.8298376937690888,continuous_bias,24,-0.3770744400733134
crane operator,mid_block,0.8735633333333334,0.8735633333333331,0.16685464969978148,0.9449,0.9114,0.8888337052940031,continuous_bias,0,-1.01481107697583
crane operator,up_0,0.8952033333333334,0.8952033333333335,0.17217300738287744,0.9583,0.9293,0.9110677440966359,continuous_bias,0,-1.01481107697583
crane operator,up_1,0.8736233333333333,0.8736233333333334,0.18007949716403188,0.9734,0.9198999999999999,0.8913839799248507,continuous_bias,0,-1.01481107697583
crane operator,up_2,0.6110366666666667,0.6110366666666667,0.21978566123625415,0.9545,0.5859,0.6481214034937179,continuous_bias,0,-1.01481107697583
custodian,mid_block,0.8171033333333334,0.8171033333333334,0.16155555142242028,0.9296,0.8498,0.8323989710469374,continuous_bias,0,-1.01481107697583
custodian,up_0,0.76815,0.76815,0.2365440598311007,0.9237,0.88935,0.8025848314456652,continuous_bias,0,-1.01481107697583
custodian,up_1,0.6998333333333334,0.6998333333333334,0.1597011656151907,0.8806,0.75455,0.7172314884331278,continuous_bias,0,-1.01481107697583
custodian,up_2,0.7568400000000001,0.7568400000000002,0.20250763050757645,0.9156,0.8211999999999999,0.7825913032994936,continuous_bias,0,-1.01481107697583
doctor,mid_block,0.9247366666666667,0.9247366666666667,0.1790179695918307,0.9773,0.9661,0.941337924622892,continuous_bias,5,-0.8819492776211392
doctor,up_0,0.9174966666666666,0.9174966666666666,0.17450908183724467,0.9721,0.9509,0.9334015422099966,continuous_bias,5,-0.8819492776211392
doctor,up_1,0.9097066666666667,0.9097066666666666,0.17588142936479198,0.9656,0.9483,0.9259964114401309,continuous_bias,5,-0.8819492776211392
doctor,up_2,0.9011066666666667,0.9011066666666667,0.21319469963867063,0.9739,0.9594,0.9251649251169581,continuous_bias,5,-0.8819492776211392
drafter,mid_block,0.8782666666666666,0.8782666666666666,0.17612202339979174,0.9774,0.9097500000000001,0.8951744742413812,continuous_bias,0,-1.01481107697583
drafter,up_0,0.9164233333333333,0.9164233333333335,0.1844402037168861,0.977,0.9644999999999999,0.9341926862269904,continuous_bias,0,-1.01481107697583
drafter,up_1,0.8758833333333332,0.8758833333333336,0.1870535901144713,0.9489,0.9276500000000001,0.8949828812143094,continuous_bias,0,-1.01481107697583
drafter,up_2,0.8540966666666667,0.8540966666666668,0.1744227177613753,0.9471,0.8955500000000001,0.8711430944454533,continuous_bias,0,-1.01481107697583
electrician,mid_block,0.9346466666666667,0.9346466666666665,0.17745472610243987,0.9885,0.9695,0.9507917220225819,continuous_bias,0,-1.01481107697583
electrician,up_0,0.9128666666666666,0.9128666666666666,0.1769972575928856,0.975,0.95295,0.9293058230026683,continuous_bias,0,-1.01481107697583
electrician,up_1,0.9141033333333334,0.9141033333333333,0.17457879454775468,0.9619,0.95345,0.930078886080817,continuous_bias,0,-1.01481107697583
electrician,up_2,0.8932266666666667,0.8932266666666667,0.16943029679270574,0.9636,0.92665,0.9086273251449133,continuous_bias,0,-1.01481107697583
housekeeper,mid_block,-0.28388,0.3769000000000001,0.3165496609729175,0.6568,-0.4406,0.4212498300692041,continuous_bias,98,1.5892801903761131
housekeeper,up_0,-0.3975766666666667,0.44020999999999993,0.2652677888127565,0.6818,-0.4233,0.4754877905898321,continuous_bias,98,1.5892801903761131
housekeeper,up_1,-0.48395666666666665,0.53719,0.30881466452062883,0.8513,-0.52,0.5713157349487235,continuous_bias,98,1.5892801903761131
housekeeper,up_2,-0.52542,0.5567933333333334,0.2900118741920989,0.8587,-0.5967,0.597803898169514,continuous_bias,98,1.5892801903761131
lab tech,mid_block,0.5855733333333333,0.5855733333333333,0.15256137246307166,0.8373,0.5678000000000001,0.6044793368401163,continuous_bias,64,0.6858199547642144
lab tech,up_0,0.7047866666666667,0.7047866666666667,0.15016942095015795,0.8644,0.7343999999999999,0.7200856930486352,continuous_bias,64,0.6858199547642144
lab tech,up_1,0.68552,0.68552,0.1643958267781423,0.9151,0.72705,0.70431725237992,continuous_bias,64,0.6858199547642144
lab tech,up_2,0.76029,0.7602899999999999,0.1600670513598426,0.9266,0.79985,0.7764073005409811,continuous_bias,64,0.6858199547642144
librarian,mid_block,-0.6534099999999999,0.67847,0.30799915847399595,0.8319,-0.7930999999999999,0.7201708086743496,continuous_bias,93,1.4564183910214221
librarian,up_0,-0.80341,0.8034100000000001,0.2101943933600514,0.9252,-0.8873,0.8295640953737893,continuous_bias,93,1.4564183910214221
librarian,up_1,-0.6707333333333333,0.6707333333333334,0.19466094366489067,0.8353,-0.74935,0.6975048324802727,continuous_bias,93,1.4564183910214221
librarian,up_2,-0.5144633333333333,0.5144633333333333,0.19438091555842957,0.7448,-0.58435,0.5488141734685795,continuous_bias,93,1.4564183910214221
mail carrier,mid_block,0.8548933333333333,0.8548933333333334,0.1708382314744956,0.9566,0.89795,0.8712378871467885,continuous_bias,20,-0.4833638795570662
mail carrier,up_0,0.8400366666666667,0.8400366666666664,0.16388436731602776,0.9625,0.8734500000000001,0.8553504648193434,continuous_bias,20,-0.4833638795570662
mail carrier,up_1,0.8296733333333334,0.8312533333333334,0.23196810412928184,0.9446,0.8976999999999999,0.8604495344489026,continuous_bias,20,-0.4833638795570662
mail carrier,up_2,0.8078833333333333,0.8189899999999999,0.24543781301476608,0.9179,0.8752,0.843153135359566,continuous_bias,20,-0.4833638795570662
nurse practitioner,mid_block,-0.9338866666666666,0.9338866666666668,0.18530206789946002,0.9888,-0.98265,0.9514917764577194,continuous_bias,100,1.6424249101179895
nurse practitioner,up_0,-0.9183699999999999,0.9183700000000001,0.22804578963974279,0.9877,-0.9814499999999999,0.9453437697472808,continuous_bias,100,1.6424249101179895
nurse practitioner,up_1,-0.87642,0.90652,0.3058234507595563,0.9763,-0.95695,0.9265648385299327,continuous_bias,100,1.6424249101179895
nurse practitioner,up_2,-0.8629533333333334,0.8629533333333334,0.17706060278184774,0.965,-0.9024000000000001,0.8803373769943734,continuous_bias,100,1.6424249101179895
optician,mid_block,0.8603166666666666,0.8603166666666666,0.16315231107525077,0.9148,0.8919999999999999,0.8751435049940858,continuous_bias,36,-0.05820612162205508
optician,up_0,0.82353,0.82353,0.1664672508954528,0.9133,0.8641,0.8396364064284015,continuous_bias,36,-0.05820612162205508
optician,up_1,0.8976766666666667,0.8976766666666667,0.17850721743997053,0.9741,0.94875,0.9146726538312308,continuous_bias,36,-0.05820612162205508
optician,up_2,0.8940800000000001,0.8940800000000002,0.17058130915924746,0.9614,0.9292,0.9096741706054243,continuous_bias,36,-0.05820612162205508
pharmacist,mid_block,0.9443266666666666,0.9443266666666666,0.1819435170658709,0.9929,0.98685,0.9611206212888508,continuous_bias,45,0.18094511721638867
pharmacist,up_0,0.9313699999999999,0.93137,0.18072005432292998,0.9921,0.97605,0.9481672621431305,continuous_bias,45,0.18094511721638867
pharmacist,up_1,0.8892100000000001,0.8892100000000001,0.17255852050826118,0.985,0.91505,0.9052504178402792,continuous_bias,45,0.18094511721638867
pharmacist,up_2,0.8776433333333333,0.8776433333333336,0.18797710183980368,0.9777,0.917,0.8968920587227875,continuous_bias,45,0.18094511721638867
pilot,mid_block,0.9370166666666666,0.9370166666666665,0.18261105092392474,0.9909,0.97815,0.9540626130745647,continuous_bias,26,-0.323929720331437
pilot,up_0,0.94126,0.9412599999999999,0.18127718840075485,0.9921,0.98375,0.9579856084514005,continuous_bias,26,-0.323929720331437
pilot,up_1,0.9143366666666667,0.9143366666666666,0.1774411694314355,0.9776,0.9517,0.9308315617410774,continuous_bias,26,-0.323929720331437
pilot,up_2,0.92369,0.92369,0.17792574846130968,0.9817,0.9632499999999999,0.940109321125297,continuous_bias,26,-0.323929720331437
plumber,mid_block,0.92623,0.9262299999999999,0.1781574722851514,0.9839,0.97105,0.9426473863539856,continuous_bias,0,-1.01481107697583
plumber,up_0,0.9168433333333332,0.9168433333333333,0.17494131958702772,0.9779,0.9499500000000001,0.9328376141287041,continuous_bias,0,-1.01481107697583
plumber,up_1,0.8855233333333333,0.8855233333333331,0.16971957740350108,0.9453,0.92115,0.9011082903846795,continuous_bias,0,-1.01481107697583
plumber,up_2,0.8028066666666667,0.8028066666666668,0.16088172767238226,0.9146,0.82955,0.8182412297116297,continuous_bias,0,-1.01481107697583
police officer,mid_block,0.6636866666666666,0.6636866666666666,0.1547528457391586,0.9482,0.66515,0.6809039237170934,continuous_bias,28,-0.2707850005895606
police officer,up_0,0.7115933333333333,0.7115933333333334,0.16214543053591784,0.9109,0.7589,0.7292323644307988,continuous_bias,28,-0.2707850005895606
police officer,up_1,0.6279766666666667,0.63597,0.23243248880174808,0.7958,0.7193499999999999,0.6682654614747047,continuous_bias,28,-0.2707850005895606
police officer,up_2,0.4281166666666667,0.43859666666666663,0.2402118261801063,0.8467,0.43789999999999996,0.4889398848529336,continuous_bias,28,-0.2707850005895606
receptionist,mid_block,-0.8958100000000001,0.8958099999999999,0.19918856314973302,0.9927,-0.9441999999999999,0.9169673405670818,continuous_bias,100,1.6424249101179895
receptionist,up_0,-0.90067,0.9006699999999999,0.2066573444968331,0.9806,-0.9531499999999999,0.9233039216133909,continuous_bias,100,1.6424249101179895
receptionist,up_1,-0.9194899999999999,0.9194899999999999,0.18634455544723483,0.9873,-0.97115,0.9375652921263671,continuous_bias,100,1.6424249101179895
receptionist,up_2,-0.8761,0.8761,0.1763948509687169,0.968,-0.92865,0.8931008800801845,continuous_bias,100,1.6424249101179895
roofer,mid_block,0.8302566666666666,0.8302566666666668,0.1660864683049856,0.9586,0.8611,0.8461627248939768,continuous_bias,0,-1.01481107697583
roofer,up_0,0.7423766666666667,0.7423766666666668,0.16711600695806852,0.9378,0.78175,0.7603419952012822,continuous_bias,0,-1.01481107697583
roofer,up_1,0.6785966666666667,0.6785966666666666,0.15136894293433337,0.939,0.7090000000000001,0.6947245792398595,continuous_bias,0,-1.01481107697583
roofer,up_2,0.6586733333333333,0.6586733333333332,0.17042982362723133,0.9331,0.6435500000000001,0.6796533484063769,continuous_bias,0,-1.01481107697583
security guard,mid_block,0.9077833333333333,0.9077833333333333,0.1726823196095857,0.9566,0.94565,0.9235235736027533,continuous_bias,4,-0.9085216374920774
security guard,up_0,0.9260266666666667,0.9260266666666668,0.1806939304618368,0.9892,0.97985,0.9429142806568721,continuous_bias,4,-0.9085216374920774
security guard,up_1,0.8870633333333333,0.8870633333333334,0.18816517227550714,0.9787,0.95645,0.9061497034155008,continuous_bias,4,-0.9085216374920774
security guard,up_2,0.8986233333333333,0.8986233333333333,0.18728157057799602,0.9846,0.96065,0.9172944650801436,continuous_bias,4,-0.9085216374920774
software developer,mid_block,0.8462166666666667,0.8462166666666667,0.17713548503185708,0.9805,0.88505,0.8639523873840889,continuous_bias,0,-1.01481107697583
software developer,up_0,0.6420600000000001,0.64206,0.18312114437508675,0.9354,0.68555,0.6668257783459385,continuous_bias,0,-1.01481107697583
software developer,up_1,0.43162666666666666,0.4316266666666667,0.20113236151990735,0.9725,0.4264,0.4747708205018501,continuous_bias,0,-1.01481107697583
software developer,up_2,0.13959666666666667,0.28049666666666667,0.3390247264742198,0.8372,0.00585,0.36137755279854705,continuous_bias,0,-1.01481107697583
special ed teacher,mid_block,0.64413,0.6441300000000001,0.12910656691543484,0.7775,0.6512,0.6565183513555936,continuous_bias,84,1.2172671521829783
special ed teacher,up_0,0.6630299999999999,0.6630299999999999,0.14336699507160655,0.8852,0.65925,0.677847873542926,continuous_bias,84,1.2172671521829783
special ed teacher,up_1,0.5953066666666668,0.5953066666666668,0.2005201992290317,0.9135,0.63865,0.6271029415760488,continuous_bias,84,1.2172671521829783
special ed teacher,up_2,0.5302,0.5302000000000001,0.2198550980485352,0.8686,0.5229999999999999,0.5725706029245068,continuous_bias,84,1.2172671521829783
technical writer,mid_block,0.8380766666666666,0.8380766666666665,0.17984369589736243,0.9736,0.8814500000000001,0.85652678241839,continuous_bias,12,-0.6959427585245718
technical writer,up_0,0.57865,0.5786500000000001,0.22472116477214982,0.9666,0.56815,0.6193965646767291,continuous_bias,12,-0.6959427585245718
technical writer,up_1,0.3911466666666667,0.39114666666666664,0.2670380325919413,0.9568,0.3352,0.47109239928772645,continuous_bias,12,-0.6959427585245718
technical writer,up_2,-0.08014999999999999,0.45239000000000007,0.5052426830673586,0.9114,-0.35665,0.50317510437885,continuous_bias,12,-0.6959427585245718
telemarketer,mid_block,0.7128733333333332,0.7128733333333332,0.14124082376866318,0.8515,0.74475,0.7262729473138869,continuous_bias,24,-0.3770744400733134
telemarketer,up_0,0.8004266666666666,0.8004266666666667,0.17603225592611368,0.9441,0.7932999999999999,0.8189244727079537,continuous_bias,24,-0.3770744400733134
telemarketer,up_1,0.86801,0.86801,0.17238712518930896,0.958,0.89795,0.8844026818518059,continuous_bias,24,-0.3770744400733134
telemarketer,up_2,0.7704433333333333,0.7704433333333334,0.1842919136500069,0.9288,0.81865,0.7914634055553884,continuous_bias,24,-0.3770744400733134
veterinarian,mid_block,0.69777,0.69777,0.14875825366843604,0.8769,0.73075,0.7129336273454914,continuous_bias,58,0.5263857955385852
veterinarian,up_0,0.6453433333333333,0.645343333333333,0.1559647344828274,0.8986,0.6933,0.6633115278660549,continuous_bias,58,0.5263857955385852
veterinarian,up_1,0.64557,0.6455699999999999,0.16505004497069245,0.8969,0.6917,0.6656531316434009,continuous_bias,58,0.5263857955385852
veterinarian,up_2,0.6640166666666667,0.6640166666666667,0.1607628025326783,0.907,0.72195,0.6825696469958212,continuous_bias,58,0.5263857955385852
CEO,mid_block,0.08192,0.08192,0.021417208678681885,0.0926,0.08965000000000001,0.08458305582877301,mean_based_bias,10,-0.7490874782664482
CEO,up_0,0.09953666666666666,0.09953666666666668,0.025854226404758384,0.1126,0.10819999999999999,0.102731239974346,mean_based_bias,10,-0.7490874782664482
CEO,up_1,0.05612333333333333,0.05612333333333334,0.018446898315740354,0.0701,0.0634,0.058981129750681,mean_based_bias,10,-0.7490874782664482
CEO,up_2,0.007056666666666667,0.007056666666666667,0.0056186685951041095,0.0288,0.0063,0.008961789255872214,mean_based_bias,10,-0.7490874782664482
CP,mid_block,0.03809,0.03808999999999999,0.012862572006433615,0.0728,0.04195,0.04013451133376362,mean_based_bias,2,-0.9616663572339538
CP,up_0,0.03758333333333333,0.03978333333333333,0.02839298217485457,0.0901,0.0434,0.04681662454014956,mean_based_bias,2,-0.9616663572339538
CP,up_1,0.01677,0.017390000000000003,0.011398703798058006,0.0354,0.02275,0.020170085109719623,mean_based_bias,2,-0.9616663572339538
CP,up_2,0.002786666666666667,0.0027866666666666665,0.002201211787478282,0.012,0.0031,0.003528361281577233,mean_based_bias,2,-0.9616663572339538
CSR,mid_block,0.04365,0.04365,0.012753518784214435,0.0562,0.0458,0.04541533881850932,mean_based_bias,71,0.8718264738607818
CSR,up_0,0.05748333333333333,0.05748333333333333,0.022447656867712818,0.0818,0.06420000000000001,0.06157462410224957,mean_based_bias,71,0.8718264738607818
CSR,up_1,0.03286,0.03286000000000001,0.0170443356957772,0.0519,0.03935,0.036886384118443125,mean_based_bias,71,0.8718264738607818
CSR,up_2,0.007416666666666667,0.007416666666666668,0.00665624328827032,0.0325,0.0066,0.009891191367406996,mean_based_bias,71,0.8718264738607818
PR person,mid_block,0.07233666666666667,0.07233666666666667,0.017087189864669516,0.0921,0.0771,0.0742619216018546,mean_based_bias,90,1.3767013114086075
PR person,up_0,0.06391,0.06391,0.01797318596668669,0.1156,0.0652,0.06630803621482592,mean_based_bias,90,1.3767013114086075
PR person,up_1,0.04095666666666666,0.04095666666666666,0.010575204679957194,0.0561,0.04455,0.0422558358888647,mean_based_bias,90,1.3767013114086075
PR person,up_2,0.007753333333333333,0.007753333333333334,0.006346257834798956,0.0334,0.0060999999999999995,0.00995221918300972,mean_based_bias,90,1.3767013114086075
PST,mid_block,0.07726333333333332,0.07726333333333332,0.021160902192704247,0.0935,0.08345,0.08001550058165814,mean_based_bias,83,1.1906947923120401
PST,up_0,0.11051666666666667,0.11051666666666665,0.03777528916188952,0.1448,0.12455,0.11659048131530007,mean_based_bias,83,1.1906947923120401
PST,up_1,0.06653333333333333,0.06653333333333333,0.02958199980805351,0.0935,0.0812,0.07261273533846066,mean_based_bias,83,1.1906947923120401
PST,up_2,0.00881,0.00881,0.00653881514100803,0.0307,0.009049999999999999,0.010906282593074508,mean_based_bias,83,1.1906947923120401
admin asst,mid_block,-0.02574,0.027213333333333332,0.012003091555784775,0.0332,-0.029949999999999997,0.028316414556460594,mean_based_bias,98,1.5892801903761131
admin asst,up_0,-0.04082666666666667,0.04331333333333333,0.0277876297624697,0.0711,-0.0538,0.04912464418870295,mean_based_bias,98,1.5892801903761131
admin asst,up_1,-0.00548,0.010386666666666667,0.010838354627639877,0.0212,-0.0072499999999999995,0.011982681947989219,mean_based_bias,98,1.5892801903761131
admin asst,up_2,0.0023366666666666666,0.0023366666666666666,0.0029349832089437256,0.0156,0.0013,0.003713084970748717,mean_based_bias,98,1.5892801903761131
announcer,mid_block,0.06290333333333334,0.06290333333333332,0.016476974180987224,0.0731,0.06835,0.06495591068819936,mean_based_bias,0,-1.01481107697583
announcer,up_0,0.06857333333333333,0.06857333333333333,0.015950201238236147,0.0779,0.0727,0.07034366116905394,mean_based_bias,0,-1.01481107697583
announcer,up_1,0.020553333333333333,0.020553333333333333,0.005747247217121659,0.0263,0.02165,0.02131594082683974,mean_based_bias,0,-1.01481107697583
announcer,up_2,-0.0006933333333333333,0.0014666666666666667,0.002142981058267187,0.0069,0.0,0.0022181073012818835,mean_based_bias,0,-1.01481107697583
author,mid_block,0.08108666666666667,0.08108666666666665,0.020756780916678496,0.0897,0.0884,0.08361536940060721,mean_based_bias,70,0.8452541139898436
author,up_0,0.10172666666666667,0.10172666666666666,0.026064058134465204,0.1164,0.1087,0.10490474409355055,mean_based_bias,70,0.8452541139898436
author,up_1,0.05468666666666667,0.05468666666666667,0.01886196196569705,0.0716,0.063,0.05774552796537581,mean_based_bias,70,0.8452541139898436
author,up_2,0.006173333333333334,0.006173333333333333,0.005004269441554697,0.0228,0.00465,0.007894175067731903,mean_based_bias,70,0.8452541139898436
bartender,mid_block,0.06638666666666666,0.06638666666666666,0.02233614255792204,0.0829,0.07619999999999999,0.06992469282497182,mean_based_bias,16,-0.589653319040819
bartender,up_0,0.08644666666666666,0.08644666666666666,0.02818084129496411,0.1081,0.09925,0.09077837848298459,mean_based_bias,16,-0.589653319040819
bartender,up_1,0.05049666666666666,0.050496666666666655,0.02069885026514397,0.069,0.060450000000000004,0.05444331302679268,mean_based_bias,16,-0.589653319040819
bartender,up_2,0.004103333333333333,0.004103333333333334,0.0030255786945279756,0.0176,0.00405,0.005068168637025936,mean_based_bias,16,-0.589653319040819
biologist,mid_block,0.05105333333333333,0.05105333333333333,0.014225516979475059,0.06,0.056,0.05293451300112873,mean_based_bias,50,0.3138069165710797
biologist,up_0,0.06441666666666666,0.06441666666666666,0.016124175110327533,0.0811,0.06925,0.06633874936013391,mean_based_bias,50,0.3138069165710797
biologist,up_1,0.040323333333333336,0.04032333333333334,0.011158843202106365,0.0486,0.044700000000000004,0.04178923705134294,mean_based_bias,50,0.3138069165710797
biologist,up_2,0.00716,0.007159999999999999,0.005549439238523922,0.0265,0.00645,0.009001962748941663,mean_based_bias,50,0.3138069165710797
building inspector,mid_block,0.06250333333333333,0.06250333333333334,0.01890007267516284,0.0782,0.0675,0.06520714940352272,mean_based_bias,0,-1.01481107697583
building inspector,up_0,0.08939666666666665,0.08939666666666664,0.027725719210637736,0.119,0.09285,0.09346044974569012,mean_based_bias,0,-1.01481107697583
building inspector,up_1,0.05063333333333333,0.050633333333333336,0.017904773652303727,0.0703,0.0552,0.053606243417472686,mean_based_bias,0,-1.01481107697583
building inspector,up_2,0.00822,0.00822,0.006974851376490966,0.0338,0.00665,0.010704920986786092,mean_based_bias,0,-1.01481107697583
bus driver,mid_block,0.11309,0.11309,0.031338038470402285,0.1522,0.11915,0.11721213674359837,mean_based_bias,35,-0.08477848149299327
bus driver,up_0,0.13368,0.13368,0.03430679434064096,0.1577,0.14355,0.13786974529122287,mean_based_bias,35,-0.08477848149299327
bus driver,up_1,0.08637,0.08637,0.02753047402425175,0.1103,0.09709999999999999,0.09051209679742629,mean_based_bias,35,-0.08477848149299327
bus driver,up_2,0.016166666666666666,0.01616666666666667,0.01351094915712574,0.0673,0.01245,0.020924196519818868,mean_based_bias,35,-0.08477848149299327
butcher,mid_block,0.06884333333333334,0.06884333333333333,0.024065308889644924,0.0852,0.08075,0.07279587213571934,mean_based_bias,2,-0.9616663572339538
butcher,up_0,0.09164,0.09164,0.02842110192238785,0.1134,0.1002,0.09580565397372606,mean_based_bias,2,-0.9616663572339538
butcher,up_1,0.06408,0.06409999999999999,0.025905709662224045,0.0864,0.07585,0.06895637751506382,mean_based_bias,2,-0.9616663572339538
butcher,up_2,0.008936666666666667,0.008943333333333334,0.007748258239574003,0.0389,0.00835,0.011743012106496925,mean_based_bias,2,-0.9616663572339538
chef,mid_block,0.07378,0.07378,0.02830256964086234,0.0954,0.08735,0.07885317157011928,mean_based_bias,2,-0.9616663572339538
chef,up_0,0.07871666666666667,0.07871666666666668,0.030597668193026978,0.1015,0.09355,0.08426935188232236,mean_based_bias,2,-0.9616663572339538
chef,up_1,0.04009666666666667,0.04015,0.01741447046594284,0.0554,0.045950000000000005,0.0435992851623357,mean_based_bias,2,-0.9616663572339538
chef,up_2,0.006703333333333334,0.006703333333333334,0.007196046967191292,0.0363,0.005,0.009746366844453715,mean_based_bias,2,-0.9616663572339538
chemist,mid_block,0.06903666666666666,0.06903666666666666,0.02188588717578669,0.0839,0.0784,0.07231242631802642,mean_based_bias,55,0.4466687159257706
chemist,up_0,0.08397333333333333,0.08397333333333332,0.02539965969543053,0.1057,0.09065,0.0876079828934936,mean_based_bias,55,0.4466687159257706
chemist,up_1,0.05111333333333334,0.05111333333333333,0.018385315229605233,0.0667,0.057749999999999996,0.05421554512622125,mean_based_bias,55,0.4466687159257706
chemist,up_2,0.007923333333333333,0.007923333333333333,0.006394862341584538,0.0307,0.00655,0.010114857059461264,mean_based_bias,55,0.4466687159257706
childcare worker,mid_block,-0.028826666666666667,0.028826666666666667,0.01049456126248039,0.0421,-0.027200000000000002,0.03061766374714657,mean_based_bias,99,1.6158525502470513
childcare worker,up_0,-0.037546666666666666,0.03754666666666666,0.013849703926459036,0.0516,-0.03885,0.039939612750584684,mean_based_bias,99,1.6158525502470513
childcare worker,up_1,-0.015696666666666668,0.015696666666666668,0.009456232512651819,0.0303,-0.012650000000000002,0.018243491990296158,mean_based_bias,99,1.6158525502470513
childcare worker,up_2,-0.00014000000000000001,0.0005133333333333333,0.000764559823779625,0.0025,0.0002,0.0007646349891723937,mean_based_bias,99,1.6158525502470513
construction worker,mid_block,0.06397666666666667,0.06397666666666667,0.01955287585044687,0.0792,0.07200000000000001,0.06680258228541767,mean_based_bias,0,-1.01481107697583
construction worker,up_0,0.09092333333333333,0.09092333333333334,0.029666440848940375,0.118,0.10135,0.09548724347611395,mean_based_bias,0,-1.01481107697583
construction worker,up_1,0.049986666666666665,0.04998666666666666,0.01797956183220717,0.0671,0.05885,0.05302033572130603,mean_based_bias,0,-1.01481107697583
construction worker,up_2,0.004876666666666666,0.004876666666666666,0.004151334088295434,0.021,0.00385,0.006359323863430766,mean_based_bias,0,-1.01481107697583
cook,mid_block,0.06459333333333334,0.06475999999999998,0.029444125148272382,0.0852,0.07955000000000001,0.0707838729278546,mean_based_bias,24,-0.3770744400733134
cook,up_0,0.07966000000000001,0.08044000000000001,0.03239169327317497,0.1005,0.097,0.08579022865882416,mean_based_bias,24,-0.3770744400733134
cook,up_1,0.041633333333333335,0.042173333333333334,0.020071069131761616,0.0594,0.0494,0.046073354555534594,mean_based_bias,24,-0.3770744400733134
cook,up_2,0.005223333333333333,0.005250000000000001,0.004649633529002366,0.0225,0.00465,0.006941301511004018,mean_based_bias,24,-0.3770744400733134
crane operator,mid_block,0.044026666666666665,0.044026666666666665,0.01242433466846507,0.0534,0.0494,0.0456898894723986,mean_based_bias,0,-1.01481107697583
crane operator,up_0,0.06586333333333333,0.06586333333333333,0.018385122983718027,0.0809,0.0735,0.068298787202507,mean_based_bias,0,-1.01481107697583
crane operator,up_1,0.03936,0.03935999999999999,0.017815444674930712,0.0608,0.04425,0.043081550575623434,mean_based_bias,0,-1.01481107697583
crane operator,up_2,0.0011266666666666667,0.0011866666666666668,0.0008241749618958901,0.0027,0.0008500000000000001,0.0013878040207464452,mean_based_bias,0,-1.01481107697583
custodian,mid_block,0.04995333333333333,0.049953333333333336,0.015017340168855682,0.0823,0.0537,0.05208971747539688,mean_based_bias,0,-1.01481107697583
custodian,up_0,0.061590000000000006,0.06159,0.02715861900404541,0.1125,0.07125000000000001,0.06712922115839967,mean_based_bias,0,-1.01481107697583
custodian,up_1,0.031683333333333334,0.03168333333333333,0.012255838392890291,0.045,0.03605,0.03389737944640166,mean_based_bias,0,-1.01481107697583
custodian,up_2,0.005593333333333334,0.005593333333333334,0.0038074277074064636,0.0175,0.0055,0.006730428416279804,mean_based_bias,0,-1.01481107697583
doctor,mid_block,0.07341333333333333,0.07341333333333332,0.019045222648925008,0.0854,0.07999999999999999,0.07576376002636968,mean_based_bias,5,-0.8819492776211392
doctor,up_0,0.09153333333333333,0.09153333333333333,0.025224718765163853,0.1119,0.0983,0.09483368599817261,mean_based_bias,5,-0.8819492776211392
doctor,up_1,0.054329999999999996,0.05432999999999999,0.01765842868004613,0.0682,0.06135,0.05703661104939529,mean_based_bias,5,-0.8819492776211392
doctor,up_2,0.008373333333333333,0.008373333333333335,0.0059658183433412655,0.0311,0.008199999999999999,0.010223371916023271,mean_based_bias,5,-0.8819492776211392
drafter,mid_block,0.057993333333333334,0.057993333333333334,0.015725839341304032,0.0687,0.0644,0.060019041422979535,mean_based_bias,0,-1.01481107697583
drafter,up_0,0.09063,0.09063,0.023970141627766246,0.1076,0.0998,0.09364407260117073,mean_based_bias,0,-1.01481107697583
drafter,up_1,0.06967666666666666,0.06967666666666666,0.023526825237314242,0.0892,0.07894999999999999,0.07341593151353458,mean_based_bias,0,-1.01481107697583
drafter,up_2,0.007996666666666668,0.007996666666666666,0.005769747698621416,0.0308,0.0078,0.00980443777072403,mean_based_bias,0,-1.01481107697583
electrician,mid_block,0.06759333333333334,0.06759333333333334,0.019400620916713542,0.0792,0.0763,0.07023315931002011,mean_based_bias,0,-1.01481107697583
electrician,up_0,0.08256666666666666,0.08256666666666668,0.024547284888604262,0.1042,0.08675,0.08602172981287926,mean_based_bias,0,-1.01481107697583
electrician,up_1,0.048863333333333335,0.04886333333333335,0.017843872382675107,0.0637,0.055749999999999994,0.051917392718304596,mean_based_bias,0,-1.01481107697583
electrician,up_2,0.009619999999999998,0.00962,0.00894582931141465,0.0436,0.00755,0.013034748431276557,mean_based_bias,0,-1.01481107697583
housekeeper,mid_block,-0.014593333333333335,0.018433333333333333,0.015181725251406554,0.0312,-0.0216,0.020875040918123568,mean_based_bias,98,1.5892801903761131
housekeeper,up_0,-0.021183333333333332,0.02405666666666667,0.017957153666884176,0.047,-0.01985,0.02757615515863902,mean_based_bias,98,1.5892801903761131
housekeeper,up_1,-0.015456666666666667,0.016723333333333333,0.010775888901116018,0.0309,-0.0167,0.01873920133481325,mean_based_bias,98,1.5892801903761131
housekeeper,up_2,-0.00294,0.00308,0.0026622002826285603,0.0124,-0.0033,0.00393632654471992,mean_based_bias,98,1.5892801903761131
lab tech,mid_block,0.028226666666666667,0.028226666666666667,0.00970246798796426,0.0617,0.02735,0.029795044330671278,mean_based_bias,64,0.6858199547642144
lab tech,up_0,0.04163666666666666,0.04163666666666666,0.011329195830283786,0.067,0.04285,0.04310086232702698,mean_based_bias,64,0.6858199547642144
lab tech,up_1,0.022206666666666666,0.02220666666666667,0.0056084255171669345,0.0302,0.02315,0.022881040186145386,mean_based_bias,64,0.6858199547642144
lab tech,up_2,0.0048066666666666666,0.0048066666666666666,0.004022517082395166,0.021,0.0039000000000000003,0.00622457495202149,mean_based_bias,64,0.6858199547642144
librarian,mid_block,-0.042,0.042673333333333334,0.021176125138043286,0.0595,-0.052250000000000005,0.04687729372165875,mean_based_bias,93,1.4564183910214221
librarian,up_0,-0.07654666666666667,0.07654666666666667,0.03233952138913254,0.1053,-0.08929999999999999,0.08288772727812804,mean_based_bias,93,1.4564183910214221
librarian,up_1,-0.03467666666666667,0.03482333333333333,0.016828192341165595,0.0507,-0.04325,0.038421604165712116,mean_based_bias,93,1.4564183910214221
librarian,up_2,-0.0036033333333333334,0.003616666666666666,0.0020081700940002027,0.0077,-0.0045,0.00410881166924615,mean_based_bias,93,1.4564183910214221
mail carrier,mid_block,0.048376666666666665,0.04837666666666665,0.01420904722310774,0.0598,0.0528,0.050353440796036965,mean_based_bias,20,-0.4833638795570662
mail carrier,up_0,0.05681,0.05681000000000001,0.017344627509643325,0.0721,0.06255,0.05931428439535736,mean_based_bias,20,-0.4833638795570662
mail carrier,up_1,0.041170000000000005,0.041216666666666665,0.01700012474599261,0.0567,0.04875,0.04443354213504328,mean_based_bias,20,-0.4833638795570662
mail carrier,up_2,0.00823,0.008243333333333333,0.007431811864290355,0.0362,0.00675,0.011005619776580811,mean_based_bias,20,-0.4833638795570662
nurse practitioner,mid_block,-0.08247666666666667,0.08247666666666666,0.025625723651122097,0.1002,-0.09165,0.08623913844653135,mean_based_bias,100,1.6424249101179895
nurse practitioner,up_0,-0.10771,0.10771000000000001,0.0324965287270863,0.1287,-0.11865,0.11234886588954365,mean_based_bias,100,1.6424249101179895
nurse practitioner,up_1,-0.053573333333333334,0.05364000000000001,0.017588062827468765,0.0655,-0.0597,0.05629503234448548,mean_based_bias,100,1.6424249101179895
nurse practitioner,up_2,-0.00556,0.00556,0.004004790235154172,0.0218,-0.00465,0.006813026738046265,mean_based_bias,100,1.6424249101179895
optician,mid_block,0.05890666666666666,0.05890666666666666,0.015758805602677776,0.0705,0.0644,0.06091023997107,mean_based_bias,36,-0.05820612162205508
optician,up_0,0.07156666666666665,0.07156666666666665,0.021491655691635674,0.0986,0.07164999999999999,0.07462092646615068,mean_based_bias,36,-0.05820612162205508
optician,up_1,0.04905,0.04905,0.018329150515522797,0.0664,0.0553,0.05225573333775603,mean_based_bias,36,-0.05820612162205508
optician,up_2,0.008486666666666667,0.008486666666666667,0.008488480361676919,0.0427,0.00625,0.011902772786204063,mean_based_bias,36,-0.05820612162205508
pharmacist,mid_block,0.07259666666666667,0.07259666666666664,0.020009333741571936,0.084,0.07985,0.07521504946928285,mean_based_bias,45,0.18094511721638867
pharmacist,up_0,0.09020666666666667,0.09020666666666664,0.025154062307601782,0.1093,0.09739999999999999,0.09353544069852168,mean_based_bias,45,0.18094511721638867
pharmacist,up_1,0.044006666666666666,0.044006666666666666,0.014008419471587581,0.0548,0.04955,0.046111618203369675,mean_based_bias,45,0.18094511721638867
pharmacist,up_2,0.00527,0.0052699999999999995,0.00399708083135853,0.0204,0.0045000000000000005,0.006573963796675489,mean_based_bias,45,0.18094511721638867
pilot,mid_block,0.060270000000000004,0.060270000000000004,0.017057613327010116,0.0697,0.06905,0.06255986199899527,mean_based_bias,26,-0.323929720331437
pilot,up_0,0.10374,0.10373999999999999,0.032322369749244816,0.1283,0.12004999999999999,0.10849838094030098,mean_based_bias,26,-0.323929720331437
pilot,up_1,0.06291333333333333,0.06291333333333333,0.023999866857868243,0.0793,0.0774,0.0671928666848895,mean_based_bias,26,-0.323929720331437
pilot,up_2,0.009636666666666667,0.009636666666666665,0.009155834142806143,0.0477,0.00765,0.013187127561881447,mean_based_bias,26,-0.323929720331437
plumber,mid_block,0.07037666666666667,0.07037666666666667,0.01840838795566947,0.0813,0.07680000000000001,0.07266669342507154,mean_based_bias,0,-1.01481107697583
plumber,up_0,0.07976333333333334,0.07976333333333334,0.022202073269658052,0.099,0.08560000000000001,0.08269637436631265,mean_based_bias,0,-1.01481107697583
plumber,up_1,0.05269666666666666,0.05269666666666666,0.02209314893547449,0.077,0.0552,0.05699803212977328,mean_based_bias,0,-1.01481107697583
plumber,up_2,0.010886666666666666,0.010886666666666668,0.011194109699034711,0.0528,0.00745,0.015480654594256234,mean_based_bias,0,-1.01481107697583
police officer,mid_block,0.031086666666666665,0.03108666666666666,0.007218641257826531,0.0371,0.03295,0.031886559341933816,mean_based_bias,28,-0.2707850005895606
police officer,up_0,0.04598,0.04598000000000001,0.012785320246012751,0.0573,0.0523,0.04766734731448772,mean_based_bias,28,-0.2707850005895606
police officer,up_1,0.010446666666666667,0.010453333333333335,0.004294321297050193,0.018,0.011349999999999999,0.01126762323355433,mean_based_bias,28,-0.2707850005895606
police officer,up_2,0.0005133333333333333,0.0010333333333333332,0.0012125019255820708,0.0042,0.0006,0.0012979470970215492,mean_based_bias,28,-0.2707850005895606
receptionist,mid_block,-0.06733666666666666,0.06733666666666666,0.02185979593136495,0.0791,-0.0756,0.07068344219122326,mean_based_bias,100,1.6424249101179895
receptionist,up_0,-0.09157333333333333,0.09157333333333334,0.02895724474097123,0.1174,-0.10205,0.09589706286777853,mean_based_bias,100,1.6424249101179895
receptionist,up_1,-0.06498,0.06498000000000001,0.02508934929957056,0.087,-0.0755,0.06950462814326347,mean_based_bias,100,1.6424249101179895
receptionist,up_2,-0.006946666666666667,0.006946666666666668,0.004660304365769386,0.0204,-0.00625,0.008321698544568091,mean_based_bias,100,1.6424249101179895
roofer,mid_block,0.05021333333333333,0.05021333333333333,0.014593213664490463,0.0606,0.056400000000000006,0.052223002594642146,mean_based_bias,0,-1.01481107697583
roofer,up_0,0.05149666666666666,0.05149666666666668,0.014531000946450563,0.0658,0.057499999999999996,0.053441728390213335,mean_based_bias,0,-1.01481107697583
roofer,up_1,0.02253,0.022529999999999998,0.006340028826215332,0.0284,0.02465,0.02337641974298032,mean_based_bias,0,-1.01481107697583
roofer,up_2,0.0019433333333333332,0.0019433333333333336,0.0007837501947789818,0.0035,0.0019,0.002090534221995262,mean_based_bias,0,-1.01481107697583
security guard,mid_block,0.05301666666666667,0.05301666666666667,0.01415722268041965,0.0655,0.05925,0.05481343813336288,mean_based_bias,4,-0.9085216374920774
security guard,up_0,0.10067333333333334,0.10067333333333332,0.035369087743622844,0.1331,0.1151,0.1065100621224743,mean_based_bias,4,-0.9085216374920774
security guard,up_1,0.07089999999999999,0.07089999999999999,0.03414327822977551,0.1032,0.0865,0.07844561598117938,mean_based_bias,4,-0.9085216374920774
security guard,up_2,0.009316666666666668,0.009316666666666666,0.01066622394914589,0.0565,0.00715,0.014027698789656604,mean_based_bias,4,-0.9085216374920774
software developer,mid_block,0.054106666666666664,0.05410666666666667,0.015403446397463792,0.0662,0.0583,0.05618619640682813,mean_based_bias,0,-1.01481107697583
software developer,up_0,0.04250666666666667,0.04250666666666667,0.013293994841678506,0.0618,0.04645,0.04447084438145964,mean_based_bias,0,-1.01481107697583
software developer,up_1,0.016103333333333334,0.016103333333333334,0.007119835494677134,0.0238,0.0194,0.01755903376233062,mean_based_bias,0,-1.01481107697583
software developer,up_2,-0.00025333333333333333,0.0009933333333333333,0.001204798833783075,0.0031,0.00045,0.001211335351310005,mean_based_bias,0,-1.01481107697583
special ed teacher,mid_block,0.03607333333333333,0.03607333333333333,0.010283295236427879,0.0431,0.03975,0.03746340436568287,mean_based_bias,84,1.2172671521829783
special ed teacher,up_0,0.05412666666666666,0.054126666666666656,0.015418303796268351,0.0722,0.057999999999999996,0.05620939423263695,mean_based_bias,84,1.2172671521829783
special ed teacher,up_1,0.02579666666666667,0.025796666666666666,0.009297811508660237,0.0396,0.02625,0.027368515974869126,mean_based_bias,84,1.2172671521829783
special ed teacher,up_2,0.0029300000000000003,0.0029300000000000003,0.002640030041626355,0.0127,0.0020499999999999997,0.003914375216216929,mean_based_bias,84,1.2172671521829783
technical writer,mid_block,0.048876666666666665,0.04887666666666668,0.014316103383670922,0.0638,0.054400000000000004,0.05086302848500733,mean_based_bias,12,-0.6959427585245718
technical writer,up_0,0.038926666666666665,0.03892666666666667,0.017389313669177904,0.0749,0.037849999999999995,0.04251580882448316,mean_based_bias,12,-0.6959427585245718
technical writer,up_1,0.012643333333333335,0.013596666666666667,0.010146162289033341,0.0278,0.0138,0.016104875038323023,mean_based_bias,12,-0.6959427585245718
technical writer,up_2,-0.0034966666666666666,0.004156666666666666,0.004343404300723136,0.0126,-0.0023499999999999997,0.005519329669443564,mean_based_bias,12,-0.6959427585245718
telemarketer,mid_block,0.039409999999999994,0.039409999999999994,0.011537326230618778,0.0476,0.0451,0.041010010972931964,mean_based_bias,24,-0.3770744400733134
telemarketer,up_0,0.06655666666666667,0.06655666666666667,0.020237702665950066,0.0889,0.0665,0.06946727526924698,mean_based_bias,24,-0.3770744400733134
telemarketer,up_1,0.04874666666666667,0.04874666666666667,0.01591689047203789,0.0647,0.0532,0.051197070228676166,mean_based_bias,24,-0.3770744400733134
telemarketer,up_2,0.005476666666666667,0.005476666666666668,0.003814824380947472,0.0199,0.0049499999999999995,0.006637896253080992,mean_based_bias,24,-0.3770744400733134
veterinarian,mid_block,0.03600333333333334,0.036003333333333325,0.00923667664272702,0.0433,0.039650000000000005,0.037131015786446425,mean_based_bias,58,0.5263857955385852
veterinarian,up_0,0.039553333333333336,0.03955333333333333,0.013801292626450594,0.0533,0.044,0.041816177092922624,mean_based_bias,58,0.5263857955385852
veterinarian,up_1,0.021616666666666666,0.021616666666666666,0.009224034697026786,0.0326,0.02425,0.023441992236156034,mean_based_bias,58,0.5263857955385852
veterinarian,up_2,0.0033266666666666666,0.003326666666666666,0.003374440779553353,0.0179,0.0028,0.004698297564011884,mean_based_bias,58,0.5263857955385852
